subject	predicate	object	adamic_adar	degree_product	jaccard	katz	kl	kl_rel	ks	pathent	predpath	simrank	pra	esther	copaal	truth
http://dbpedia.org/resource/Christian_I_of_Denmark	http://dbpedia.org/ontology/deathPlace	http://dbpedia.org/resource/Copenhagen	0.0	49042.0	0.0	0.00025	0.062721	0.09155	0.052069	25.129261	1.0	3.3e-05	1.0	-0.1	0.0	1.0
http://dbpedia.org/resource/Christian_V_of_Denmark	http://dbpedia.org/ontology/birthPlace	http://dbpedia.org/resource/Flensburg	0.0	1918.0	0.0	0.0	0.060949	0.075748	0.03886	-13.493886	0.0	9.7e-05	0.0	-0.1	0.0	1.0
http://dbpedia.org/resource/Fred_Zinnemann	http://dbpedia.org/ontology/deathPlace	http://dbpedia.org/resource/London	0.0	729664.0	0.0	0.024	0.06466	0.141177	0.066772	2702.227839	1.0	2.6e-05	1.0	0.3329933450467696	0.0	1.0
http://dbpedia.org/resource/Isabella_II_of_Spain	http://dbpedia.org/ontology/birthPlace	http://dbpedia.org/resource/Paris	0.0	211407.0	0.0	0.000375	0.067245	0.124019	0.060454	55.783111	1.0	4.3e-05	1.0	-0.1	0.0	0.0
http://dbpedia.org/resource/Elliott_Kastner	http://dbpedia.org/ontology/birthPlace	http://dbpedia.org/resource/Harlem	0.0	17755.0	0.0	0.000625	0.076813	0.093556	0.062197	59.992467	0.0	4.9e-05	0.0	-0.1	0.0	1.0
http://dbpedia.org/resource/Henryk_Sienkiewicz	http://dbpedia.org/ontology/deathPlace	http://dbpedia.org/resource/Vevey	0.0	2072.0	0.0	0.0	0.059923	0.067435	0.023539	-13.382471	1.0	2.4e-05	1.0	0.38364495511119945	0.0	1.0
http://dbpedia.org/resource/Babrak_Karmal	http://dbpedia.org/ontology/birthPlace	http://dbpedia.org/resource/Kabul	1.137069	14392.0	0.009311	0.162	0.09636	0.17402	0.128118	4989.465854	1.0	0.00133	1.0	0.4553650514383447	0.9996987732080151	1.0
http://dbpedia.org/resource/Elie_Wiesel	http://dbpedia.org/ontology/deathPlace	http://dbpedia.org/resource/Sighetu_Marmației	0.0	702.0	0.0	0.000375	0.080326	0.099295	0.042298	42.858083	0.0	3.4e-05	1.0	0.3868814220743282	0.0	0.0
http://dbpedia.org/resource/Adam_Mickiewicz	http://dbpedia.org/ontology/birthPlace	http://dbpedia.org/resource/Istanbul	0.126667	57477.0	0.000294	0.11125	0.058752	0.097159	0.03744	4465.230886	0.0	5e-05	0.0	0.3139069835223934	0.6410383797593291	0.0
http://dbpedia.org/resource/Italo_Calvino	http://dbpedia.org/ontology/deathPlace	http://dbpedia.org/resource/Santiago_de_las_Vegas	0.128243	114.0	0.041667	0.0035	0.094434	0.099631	0.02749	173.884856	0.0	0.002474	1.0	-0.1	0.0	0.0
http://dbpedia.org/resource/John_James_Audubon	http://dbpedia.org/ontology/deathPlace	http://dbpedia.org/resource/Les_Cayes	0.0	378.0	0.0	0.001	0.102642	0.136349	0.044823	116.566277	0.0	0.000138	0.0	0.3868814220743282	0.0	0.0
http://dbpedia.org/resource/Babrak_Karmal	http://dbpedia.org/ontology/birthPlace	http://dbpedia.org/resource/Moscow	0.094737	207508.0	0.000134	0.508875	0.065973	0.104034	0.048174	2727.378509	0.0	4.6e-05	0.0	0.27572199647304285	0.9966276559441911	0.0
http://dbpedia.org/resource/Elie_Wiesel	http://dbpedia.org/ontology/birthPlace	http://dbpedia.org/resource/Sighetu_Marmației	0.0	702.0	0.0	0.000375	0.080326	0.113821	0.045675	42.858083	1.0	5.7e-05	1.0	0.36354055229370713	0.0	1.0
http://dbpedia.org/resource/Fred_Zinnemann	http://dbpedia.org/ontology/birthPlace	http://dbpedia.org/resource/London	0.0	729664.0	0.0	0.024	0.06466	0.136933	0.067712	2702.227839	0.0	2.6e-05	0.0	-0.1	0.0	0.0
http://dbpedia.org/resource/Christian_V_of_Denmark	http://dbpedia.org/ontology/deathPlace	http://dbpedia.org/resource/Flensburg	0.0	1918.0	0.0	0.0	0.060949	0.075419	0.036068	-13.493886	1.0	7.3e-05	1.0	-0.1	0.0	0.0
http://dbpedia.org/resource/Carlota_Joaquina_of_Spain	http://dbpedia.org/ontology/deathPlace	http://dbpedia.org/resource/Queluz,_Portugal	0.0	264.0	0.0	0.0	0.056234	0.062758	0.023989	-16.354829	1.0	5.2e-05	1.0	-0.1	0.0	1.0
http://dbpedia.org/resource/Alfonso_XIII	http://dbpedia.org/ontology/birthPlace	http://dbpedia.org/resource/Rome	0.0	94515.0	0.0	0.00175	0.078467	0.182833	0.081986	1908.080352	0.0	3.9e-05	0.0	-0.1	0.0	0.0
http://dbpedia.org/resource/Desi_Arnaz	http://dbpedia.org/ontology/birthPlace	http://dbpedia.org/resource/Del_Mar,_California	0.0	2100.0	0.0	0.00075	0.107034	0.142734	0.06593	99.342123	0.0	9.7e-05	0.0	-0.1	0.0	0.0
http://dbpedia.org/resource/Babrak_Karmal	http://dbpedia.org/ontology/deathPlace	http://dbpedia.org/resource/Moscow	0.094737	207508.0	0.000134	0.508875	0.065973	0.106962	0.052448	2727.378509	1.0	6.5e-05	1.0	0.2995967586064056	0.0	1.0
http://dbpedia.org/resource/Elie_Wiesel	http://dbpedia.org/ontology/deathPlace	http://dbpedia.org/resource/New_York_City	0.577087	431838.0	8.3e-05	0.215875	0.075286	0.177719	0.062706	2609.514431	1.0	0.000354	1.0	0.34786122109018985	0.0	1.0
http://dbpedia.org/resource/Allan_Riverstone_McCulloch	http://dbpedia.org/ontology/deathPlace	http://dbpedia.org/resource/Honolulu	0.137117	19614.0	0.000707	0.078875	0.064359	0.117633	0.031715	3816.128646	1.0	6.7e-05	1.0	0.3182148037349962	0.0	1.0
http://dbpedia.org/resource/Charlie_Chaplin	http://dbpedia.org/ontology/birthPlace	http://dbpedia.org/resource/London	1.350411	2850250.0	0.000131	0.02525	0.077964	0.2766	0.130354	4508.920807	1.0	0.00018	0.0	0.3139069835223934	0.0	1.0
http://dbpedia.org/resource/Archduke_Charles,_Duke_of_Teschen	http://dbpedia.org/ontology/deathPlace	http://dbpedia.org/resource/Vienna	0.581833	185760.0	0.000511	0.00675	0.080958	0.165488	0.08381	458.997933	0.0	0.000124	1.0	-0.1	0.0	1.0
http://dbpedia.org/resource/Adam_Mickiewicz	http://dbpedia.org/ontology/deathPlace	http://dbpedia.org/resource/Lithuania_Governorate	0.0	34.0	0.0	0.0005	0.081675	0.077927	0.026201	111.068098	0.0	0.000623	1.0	-0.1	0.0	0.0
http://dbpedia.org/resource/Ayrton_Senna	http://dbpedia.org/ontology/deathPlace	http://dbpedia.org/resource/Bologna	0.0	91392.0	0.0	0.009	0.066985	0.079781	0.030351	2672.66958	1.0	0.00034	1.0	-0.1	0.0	1.0
http://dbpedia.org/resource/Charlie_Chaplin	http://dbpedia.org/ontology/deathPlace	http://dbpedia.org/resource/London	1.350411	2850250.0	0.000131	0.02525	0.077964	0.303154	0.123019	4508.920807	0.0	9.2e-05	1.0	-0.1	0.0	0.0
http://dbpedia.org/resource/Aurel_Stein	http://dbpedia.org/ontology/deathPlace	http://dbpedia.org/resource/Kabul	0.0	3598.0	0.0	0.000125	0.058422	0.069996	0.030001	3.860423	1.0	1.1e-05	1.0	0.48519250803892416	0.0	1.0
http://dbpedia.org/resource/Ferdinand_I,_Holy_Roman_Emperor	http://dbpedia.org/ontology/deathPlace	http://dbpedia.org/resource/Alcalá_de_Henares	0.0	2201.0	0.0	0.000375	0.056662	0.059309	0.032424	24.70543	0.0	5.8e-05	1.0	-0.1	0.0	0.0
http://dbpedia.org/resource/George_Orwell	http://dbpedia.org/ontology/deathPlace	http://dbpedia.org/resource/Motihari	0.0	920.0	0.0	0.0005	0.068658	0.074365	0.028441	47.351106	0.0	5.6e-05	1.0	-0.1	0.0	0.0
http://dbpedia.org/resource/Hannibal	http://dbpedia.org/ontology/birthPlace	http://dbpedia.org/resource/Carthage_(municipality)	0.0	333.0	0.0	0.0	0.067424	0.058506	0.029441	-16.019846	0.0	0.000121	0.0	-0.1	0.0	1.0
http://dbpedia.org/resource/Fred_Zinnemann	http://dbpedia.org/ontology/deathPlace	http://dbpedia.org/resource/Vienna	0.119315	123840.0	0.000256	0.126125	0.068072	0.120359	0.054249	3762.373124	0.0	2e-05	0.0	0.32357985130913447	0.0	0.0
http://dbpedia.org/resource/Aga_Khan_III	http://dbpedia.org/ontology/deathPlace	http://dbpedia.org/resource/Versoix	0.251647	700.0	0.037736	0.00725	0.091597	0.104753	0.034868	263.224811	1.0	0.000715	1.0	-0.1	0.0	1.0
http://dbpedia.org/resource/Charlie_Chaplin	http://dbpedia.org/ontology/deathPlace	http://dbpedia.org/resource/Vevey	0.339623	9250.0	0.005051	0.00525	0.121234	0.194342	0.071181	636.957621	1.0	0.000213	1.0	-0.1	0.0	1.0
http://dbpedia.org/resource/Desi_Arnaz	http://dbpedia.org/ontology/deathPlace	http://dbpedia.org/resource/Santiago_de_Cuba	0.513898	6076.0	0.004098	0.00325	0.120108	0.277781	0.107255	174.15925	0.0	0.000407	1.0	-0.1	0.0	0.0
http://dbpedia.org/resource/George_Orwell	http://dbpedia.org/ontology/birthPlace	http://dbpedia.org/resource/Motihari	0.0	920.0	0.0	0.0005	0.068658	0.063562	0.027827	47.351106	0.0	6.8e-05	0.0	-0.1	0.0	1.0
http://dbpedia.org/resource/Christian_I_of_Denmark	http://dbpedia.org/ontology/deathPlace	http://dbpedia.org/resource/Oldenburg_(city)	0.513898	1638.0	0.007692	0.00275	0.129734	0.230285	0.106932	96.387457	1.0	0.000949	1.0	-0.1	0.0	0.0
http://dbpedia.org/resource/Archduke_Charles,_Duke_of_Teschen	http://dbpedia.org/ontology/birthPlace	http://dbpedia.org/resource/Vienna	0.581833	185760.0	0.000511	0.00675	0.080958	0.161881	0.085705	458.997933	1.0	0.000154	0.0	-0.1	0.0	0.0
http://dbpedia.org/resource/Archduke_Charles,_Duke_of_Teschen	http://dbpedia.org/ontology/deathPlace	http://dbpedia.org/resource/Florence	0.0	57024.0	0.0	0.001	0.074637	0.128766	0.057307	133.13335	0.0	5.6e-05	1.0	-0.1	0.0	0.0
http://dbpedia.org/resource/Carlota_Joaquina_of_Spain	http://dbpedia.org/ontology/birthPlace	http://dbpedia.org/resource/Aranjuez	0.0	300.0	0.0	0.0	0.070335	0.053016	0.026798	-16.170405	0.0	3.7e-05	0.0	-0.1	0.0	1.0
http://dbpedia.org/resource/Isaac_Bashevis_Singer	http://dbpedia.org/ontology/deathPlace	http://dbpedia.org/resource/Surfside,_Florida	0.084576	322.0	0.027778	0.005625	0.064671	0.076837	0.028675	45.621014	1.0	0.000913	1.0	-0.1	0.0	1.0
http://dbpedia.org/resource/George_Meade	http://dbpedia.org/ontology/deathPlace	http://dbpedia.org/resource/Philadelphia	0.432068	299367.0	0.000369	1.826	0.100015	0.805068	0.138721	3944.764213	1.0	0.000231	1.0	-0.1	0.0	1.0
http://dbpedia.org/resource/Claude_Auchinleck	http://dbpedia.org/ontology/birthPlace	http://dbpedia.org/resource/Aldershot	0.0	5680.0	0.0	0.00125	0.073551	0.056392	0.036195	135.740236	1.0	5.9e-05	0.0	-0.1	0.0	1.0
http://dbpedia.org/resource/Ferdinand_II_of_Portugal	http://dbpedia.org/ontology/deathPlace	http://dbpedia.org/resource/Vienna	0.0	54180.0	0.0	0.0	0.072223	0.141236	0.053751	-8.675382	1.0	2.1e-05	1.0	-0.1	0.0	0.0
http://dbpedia.org/resource/Eleftherios_Venizelos	http://dbpedia.org/ontology/deathPlace	http://dbpedia.org/resource/Paris	0.486678	583886.0	0.000198	0.097375	0.075979	0.142565	0.066263	2768.600741	1.0	7.1e-05	1.0	0.3117712499766978	0.0	1.0
http://dbpedia.org/resource/Jorge_Luis_Borges	http://dbpedia.org/ontology/deathPlace	http://dbpedia.org/resource/Geneva	0.107173	76050.0	0.000919	0.09375	0.067212	0.095042	0.051351	3379.674181	1.0	8.2e-05	1.0	0.4855111770175738	0.0	1.0
http://dbpedia.org/resource/Alfonso_XIII	http://dbpedia.org/ontology/deathPlace	http://dbpedia.org/resource/Madrid	0.345976	68190.0	0.000219	0.0055	0.081219	0.132419	0.096988	1015.246844	0.0	0.000373	1.0	-0.1	0.0	0.0
http://dbpedia.org/resource/Edward_Bernays	http://dbpedia.org/ontology/deathPlace	http://dbpedia.org/resource/Vienna	0.119315	58050.0	0.000257	0.121875	0.070409	0.122376	0.05849	4451.949192	0.0	3.1e-05	0.0	0.32357985130913447	0.0	0.0
http://dbpedia.org/resource/Aeschylus	http://dbpedia.org/ontology/deathPlace	http://dbpedia.org/resource/Eleusis	0.0	352.0	0.0	0.0	0.066502	0.0663	0.02713	-15.939794	1.0	0.000102	1.0	-0.1	0.0	0.0
http://dbpedia.org/resource/Carlota_Joaquina_of_Spain	http://dbpedia.org/ontology/birthPlace	http://dbpedia.org/resource/Queluz,_Portugal	0.0	264.0	0.0	0.0	0.056234	0.058881	0.022974	-16.354829	0.0	2.5e-05	0.0	-0.1	0.0	0.0
http://dbpedia.org/resource/Ansgar	http://dbpedia.org/ontology/birthPlace	http://dbpedia.org/resource/Amiens	0.40243	3555.0	0.002481	0.004125	0.105666	0.210267	0.065732	239.802224	1.0	0.001664	1.0	-0.1	0.0	1.0
http://dbpedia.org/resource/Douglass_Dumbrille	http://dbpedia.org/ontology/birthPlace	http://dbpedia.org/resource/Hamilton,_Ontario	0.0	30015.0	0.0	0.00025	0.066329	0.096777	0.052538	26.239309	1.0	1e-05	0.0	-0.1	0.0	1.0
http://dbpedia.org/resource/Christopher_Columbus	http://dbpedia.org/ontology/birthPlace	http://dbpedia.org/resource/Valladolid	0.302465	7056.0	0.007194	0.02675	0.08723	0.143278	0.055206	3099.145094	0.0	0.000329	0.0	0.4376226147025549	0.6520888340941526	0.0
http://dbpedia.org/resource/Alfonso_XIII	http://dbpedia.org/ontology/birthPlace	http://dbpedia.org/resource/Madrid	0.345976	68190.0	0.000219	0.0055	0.081219	0.126927	0.092834	1015.246844	1.0	0.000276	0.0	-0.1	0.0	1.0
http://dbpedia.org/resource/Aeschylus	http://dbpedia.org/ontology/deathPlace	http://dbpedia.org/resource/Gela	0.0	416.0	0.0	0.0	0.060055	0.057513	0.024835	-15.698788	1.0	2.2e-05	1.0	-0.1	0.0	1.0
http://dbpedia.org/resource/David_Bowie	http://dbpedia.org/ontology/birthPlace	http://dbpedia.org/resource/London	4.777754	8755968.0	0.000561	0.1195	0.077964	0.280958	0.123752	7606.54978	1.0	0.0001	0.0	-0.1	0.0	1.0
http://dbpedia.org/resource/Claude_Auchinleck	http://dbpedia.org/ontology/birthPlace	http://dbpedia.org/resource/Marrakesh	0.0	6720.0	0.0	0.0	0.055695	0.057851	0.033862	-11.685182	0.0	1.5e-05	0.0	-0.1	0.0	0.0
http://dbpedia.org/resource/James_Blish	http://dbpedia.org/ontology/birthPlace	http://dbpedia.org/resource/East_Orange,_New_Jersey	0.0	2640.0	0.0	0.0	0.05837	0.059277	0.021716	-13.032973	0.0	0.000135	0.0	-0.1	0.0	1.0
http://dbpedia.org/resource/David_Bowie	http://dbpedia.org/ontology/deathPlace	http://dbpedia.org/resource/London	4.777754	8755968.0	0.000561	0.1195	0.077964	0.274657	0.114528	7606.54978	0.0	7.4e-05	1.0	-0.1	0.0	0.0
http://dbpedia.org/resource/Comte_de_Lautréamont	http://dbpedia.org/ontology/deathPlace	http://dbpedia.org/resource/Montevideo	0.12862	4190.0	0.000477	0.22675	0.060893	0.099886	0.025473	3899.598797	0.0	0.000314	0.0	0.47961509033659816	0.0	0.0
http://dbpedia.org/resource/Elliott_Kastner	http://dbpedia.org/ontology/deathPlace	http://dbpedia.org/resource/London	0.230213	1208506.0	4.4e-05	0.0205	0.065818	0.155222	0.07258	2078.746866	1.0	3.2e-05	1.0	-0.1	0.0	1.0
http://dbpedia.org/resource/Eugène_Viollet-le-Duc	http://dbpedia.org/ontology/birthPlace	http://dbpedia.org/resource/Lausanne	0.0	1461.0	0.0	0.0	0.05232	0.061619	0.034521	-13.886506	0.0	0.000488	0.0	-0.1	0.0	0.0
http://dbpedia.org/resource/Fred_Zinnemann	http://dbpedia.org/ontology/birthPlace	http://dbpedia.org/resource/Vienna	0.119315	123840.0	0.000256	0.126125	0.068072	0.116111	0.055968	3762.373124	1.0	1.5e-05	1.0	-0.1	0.0	1.0
http://dbpedia.org/resource/Bing_Crosby	http://dbpedia.org/ontology/birthPlace	http://dbpedia.org/resource/Madrid	0.257928	877378.0	0.000422	0.455375	0.06827	0.142009	0.048464	3104.783327	0.0	1.9e-05	0.0	0.30491610504814515	0.0	0.0
http://dbpedia.org/resource/Ernest_Rutherford	http://dbpedia.org/ontology/birthPlace	http://dbpedia.org/resource/Nelson,_New_Zealand	0.0	10404.0	0.0	0.000125	0.071204	0.068482	0.045759	2.597492	0.0	7.3e-05	0.0	-0.1	0.0	1.0
http://dbpedia.org/resource/Ernest_Rutherford	http://dbpedia.org/ontology/birthPlace	http://dbpedia.org/resource/Cambridge	0.946653	41256.0	0.002545	0.018125	0.091004	0.123213	0.108473	1512.423688	0.0	0.000412	0.0	-0.1	0.8825641702427802	0.0
http://dbpedia.org/resource/Christian_V_of_Denmark	http://dbpedia.org/ontology/birthPlace	http://dbpedia.org/resource/Copenhagen	0.558111	49042.0	0.000284	0.009375	0.091298	0.27089	0.116656	3313.517215	0.0	0.001404	0.0	-0.1	0.5151145789433049	0.0
http://dbpedia.org/resource/Ayrton_Senna	http://dbpedia.org/ontology/birthPlace	http://dbpedia.org/resource/Bologna	0.0	91392.0	0.0	0.009	0.066985	0.085232	0.027089	2672.66958	0.0	0.000316	0.0	-0.1	0.0	0.0
http://dbpedia.org/resource/Henry_Fielding	http://dbpedia.org/ontology/birthPlace	http://dbpedia.org/resource/Sharpham	0.129586	69.0	0.04	0.0035	0.101879	0.113588	0.040648	106.743105	1.0	0.004047	0.0	-0.1	0.0	1.0
http://dbpedia.org/resource/Ferdinand_I,_Holy_Roman_Emperor	http://dbpedia.org/ontology/birthPlace	http://dbpedia.org/resource/Vienna	0.156862	119970.0	0.000256	0.013625	0.066019	0.097999	0.0457	1710.734693	0.0	2.9e-05	0.0	-0.1	0.0	0.0
http://dbpedia.org/resource/Albert_Einstein	http://dbpedia.org/ontology/birthPlace	http://dbpedia.org/resource/Ulm	0.0	13516.0	0.0	0.002625	0.079458	0.125066	0.056803	467.93683	1.0	7.8e-05	1.0	-0.1	0.0	1.0
http://dbpedia.org/resource/Claude_Auchinleck	http://dbpedia.org/ontology/deathPlace	http://dbpedia.org/resource/Marrakesh	0.0	6720.0	0.0	0.0	0.055695	0.055062	0.027486	-11.685182	1.0	1e-05	1.0	-0.1	0.0	1.0
http://dbpedia.org/resource/Alexis_Korner	http://dbpedia.org/ontology/deathPlace	http://dbpedia.org/resource/Paris	0.0	342278.0	0.0	0.005375	0.057879	0.083864	0.039943	594.270891	1.0	2.4e-05	1.0	-0.1	0.0	0.0
http://dbpedia.org/resource/Aurel_Stein	http://dbpedia.org/ontology/deathPlace	http://dbpedia.org/resource/Budapest	0.149936	28903.0	0.000242	0.123125	0.062518	0.110636	0.038561	4384.871834	0.0	7.7e-05	0.0	0.3136537649635107	0.0	0.0
http://dbpedia.org/resource/Eddie_Cochran	http://dbpedia.org/ontology/deathPlace	http://dbpedia.org/resource/Albert_Lea,_Minnesota	0.112165	2160.0	0.010526	0.004625	0.071379	0.088456	0.033726	309.758337	0.0	0.000206	1.0	0.3868814220743282	0.0	0.0
http://dbpedia.org/resource/Desi_Arnaz	http://dbpedia.org/ontology/deathPlace	http://dbpedia.org/resource/Del_Mar,_California	0.0	2100.0	0.0	0.00075	0.107034	0.160511	0.065817	99.342123	1.0	9.4e-05	1.0	-0.1	0.0	1.0
http://dbpedia.org/resource/Alexis_Korner	http://dbpedia.org/ontology/deathPlace	http://dbpedia.org/resource/London	1.215619	775268.0	0.000175	0.0945	0.073967	0.227472	0.094578	2896.823633	1.0	0.000145	1.0	-0.1	0.0	1.0
http://dbpedia.org/resource/Henryk_Sienkiewicz	http://dbpedia.org/ontology/birthPlace	http://dbpedia.org/resource/Wola_Okrzejska	0.0	140.0	0.0	0.0005	0.05799	0.054668	0.02702	31.323338	0.0	0.000416	0.0	-0.1	0.0	1.0
http://dbpedia.org/resource/Albert_Speer	http://dbpedia.org/ontology/birthPlace	http://dbpedia.org/resource/London	0.0	729664.0	0.0	0.00475	0.05202	0.096065	0.038012	467.164547	0.0	2.4e-05	1.0	-0.1	0.0	0.0
http://dbpedia.org/resource/Hannibal	http://dbpedia.org/ontology/deathPlace	http://dbpedia.org/resource/Carthage_(municipality)	0.0	333.0	0.0	0.0	0.067424	0.056924	0.033736	-16.019846	1.0	0.00012	1.0	-0.1	0.0	0.0
http://dbpedia.org/resource/Bing_Crosby	http://dbpedia.org/ontology/birthPlace	http://dbpedia.org/resource/Tacoma,_Washington	0.417032	124099.0	0.001198	0.0045	0.101378	0.197254	0.082678	1070.759549	1.0	0.000161	0.0	0.28834853938581023	0.0	1.0
http://dbpedia.org/resource/Christopher_Columbus	http://dbpedia.org/ontology/deathPlace	http://dbpedia.org/resource/Genoa	0.664934	27916.0	0.001955	0.089375	0.100158	0.21975	0.070511	6123.381529	0.0	0.000501	0.0	0.2942177627411425	0.0	0.0
http://dbpedia.org/resource/Enrique_O'Donnell,_Conde_de_La_Bisbal	http://dbpedia.org/ontology/birthPlace	http://dbpedia.org/resource/Cádiz	0.0	1533.0	0.0	0.000875	0.090029	0.100788	0.057269	156.544268	1.0	0.001334	0.0	-0.1	0.0	1.0
http://dbpedia.org/resource/Humphry_Davy	http://dbpedia.org/ontology/birthPlace	http://dbpedia.org/resource/Geneva	0.0	21294.0	0.0	0.001625	0.06873	0.081736	0.042166	301.48774	0.0	3.9e-05	0.0	-0.1	0.0	0.0
http://dbpedia.org/resource/Ernest_Rutherford	http://dbpedia.org/ontology/deathPlace	http://dbpedia.org/resource/Cambridge	0.946653	41256.0	0.002545	0.018125	0.091004	0.14343	0.113413	1512.423688	1.0	0.000326	1.0	-0.1	0.0	1.0
http://dbpedia.org/resource/Hannibal	http://dbpedia.org/ontology/birthPlace	http://dbpedia.org/resource/Gebze	0.0	1258.0	0.0	0.0	0.055224	0.053402	0.021879	-14.102338	0.0	7.6e-05	0.0	-0.1	0.0	0.0
http://dbpedia.org/resource/Eugène_Viollet-le-Duc	http://dbpedia.org/ontology/birthPlace	http://dbpedia.org/resource/Paris	0.621335	30201.0	9.9e-05	0.0035	0.084556	0.215991	0.062005	224.628771	0.0	0.007383	0.0	-0.1	0.0	1.0
http://dbpedia.org/resource/Isabella_II_of_Spain	http://dbpedia.org/ontology/deathPlace	http://dbpedia.org/resource/Madrid	3.276175	95466.0	0.001535	0.022875	0.089176	0.125952	0.156803	1080.615155	0.0	0.002649	0.0	-0.1	0.0	0.0
http://dbpedia.org/resource/Isaac_Bashevis_Singer	http://dbpedia.org/ontology/birthPlace	http://dbpedia.org/resource/Leoncin	0.090256	115.0	0.037037	0.002875	0.073051	0.063678	0.023256	15.935795	1.0	0.002545	0.0	-0.1	0.0	1.0
http://dbpedia.org/resource/Christian_I_of_Denmark	http://dbpedia.org/ontology/birthPlace	http://dbpedia.org/resource/Oldenburg_(city)	0.513898	1638.0	0.007692	0.00275	0.129734	0.223895	0.105076	96.387457	0.0	0.000615	0.0	-0.1	0.619806465951079	1.0
http://dbpedia.org/resource/Henryk_Sienkiewicz	http://dbpedia.org/ontology/birthPlace	http://dbpedia.org/resource/Vevey	0.0	2072.0	0.0	0.0	0.059923	0.072058	0.023351	-13.382471	0.0	2.5e-05	0.0	-0.1	0.0	0.0
http://dbpedia.org/resource/Jorge_Luis_Borges	http://dbpedia.org/ontology/birthPlace	http://dbpedia.org/resource/Geneva	0.107173	76050.0	0.000919	0.09375	0.067212	0.085848	0.051448	3379.674181	0.0	5.3e-05	0.0	0.45853303161718423	0.5814036707581116	0.0
http://dbpedia.org/resource/Albert_Speer	http://dbpedia.org/ontology/deathPlace	http://dbpedia.org/resource/Mannheim	0.0	11488.0	0.0	0.009	0.07721	0.114772	0.074189	1184.056162	0.0	0.000244	0.0	0.3212046074710626	0.0	0.0
http://dbpedia.org/resource/Desi_Arnaz	http://dbpedia.org/ontology/birthPlace	http://dbpedia.org/resource/Santiago_de_Cuba	0.513898	6076.0	0.004098	0.00325	0.120108	0.262126	0.115963	174.15925	1.0	0.000288	0.0	-0.1	0.5333900417937868	1.0
http://dbpedia.org/resource/Aga_Khan_III	http://dbpedia.org/ontology/deathPlace	http://dbpedia.org/resource/Bombay_Presidency	0.129972	17465.0	0.001876	0.02475	0.06733	0.094258	0.035981	3194.746767	0.0	3.9e-05	0.0	0.4859883975877329	0.0	0.0
http://dbpedia.org/resource/Douglass_Dumbrille	http://dbpedia.org/ontology/deathPlace	http://dbpedia.org/resource/Hamilton,_Ontario	0.0	30015.0	0.0	0.00025	0.066329	0.095557	0.041303	26.239309	0.0	1e-05	1.0	-0.1	0.0	0.0
http://dbpedia.org/resource/Alfonso_XIII	http://dbpedia.org/ontology/deathPlace	http://dbpedia.org/resource/Rome	0.0	94515.0	0.0	0.00175	0.078467	0.199126	0.078702	1908.080352	1.0	6.3e-05	1.0	-0.1	0.0	1.0
http://dbpedia.org/resource/Albert_Speer	http://dbpedia.org/ontology/birthPlace	http://dbpedia.org/resource/Mannheim	0.0	11488.0	0.0	0.009	0.07721	0.132061	0.070347	1184.056162	1.0	0.000352	1.0	-0.1	0.0	1.0
http://dbpedia.org/resource/Enrique_O'Donnell,_Conde_de_La_Bisbal	http://dbpedia.org/ontology/deathPlace	http://dbpedia.org/resource/Cádiz	0.0	1533.0	0.0	0.000875	0.090029	0.097449	0.053572	156.544268	0.0	0.001481	1.0	-0.1	0.0	0.0
http://dbpedia.org/resource/Ernest_Rutherford	http://dbpedia.org/ontology/deathPlace	http://dbpedia.org/resource/Nelson,_New_Zealand	0.0	10404.0	0.0	0.000125	0.071204	0.069239	0.045166	2.597492	1.0	8.5e-05	1.0	-0.1	0.0	0.0
http://dbpedia.org/resource/Christian_I_of_Denmark	http://dbpedia.org/ontology/birthPlace	http://dbpedia.org/resource/Copenhagen	0.0	49042.0	0.0	0.00025	0.062721	0.084928	0.051176	25.129261	0.0	6.6e-05	0.0	-0.1	0.0	0.0
http://dbpedia.org/resource/Isaac_Bashevis_Singer	http://dbpedia.org/ontology/deathPlace	http://dbpedia.org/resource/Leoncin	0.090256	115.0	0.037037	0.002875	0.073051	0.060782	0.02396	15.935795	0.0	0.002435	1.0	-0.1	0.0	0.0
http://dbpedia.org/resource/A._E._van_Vogt	http://dbpedia.org/ontology/deathPlace	http://dbpedia.org/resource/Winnipeg	0.0	81130.0	0.0	0.001	0.083598	0.202967	0.066578	96.259438	0.0	8.1e-05	0.0	0.2960101377583172	0.0	0.0
http://dbpedia.org/resource/Albert_Einstein	http://dbpedia.org/ontology/birthPlace	http://dbpedia.org/resource/Princeton,_New_Jersey	2.475267	57007.0	0.007974	0.041	0.112752	0.283532	0.193253	3109.713661	0.0	0.000268	0.0	-0.1	0.0	0.0
http://dbpedia.org/resource/Aurel_Stein	http://dbpedia.org/ontology/birthPlace	http://dbpedia.org/resource/Budapest	0.149936	28903.0	0.000242	0.123125	0.062518	0.124886	0.039465	4384.871834	1.0	7.9e-05	1.0	-0.1	0.0	1.0
http://dbpedia.org/resource/Adam_Mickiewicz	http://dbpedia.org/ontology/birthPlace	http://dbpedia.org/resource/Lithuania_Governorate	0.0	34.0	0.0	0.0005	0.081675	0.086576	0.02873	111.068098	1.0	0.000669	0.0	-0.1	0.0	1.0
http://dbpedia.org/resource/Aga_Khan_III	http://dbpedia.org/ontology/birthPlace	http://dbpedia.org/resource/Bombay_Presidency	0.129972	17465.0	0.001876	0.02475	0.06733	0.107783	0.040147	3194.746767	1.0	3.9e-05	1.0	0.4632044926697156	0.9234853983756142	1.0
http://dbpedia.org/resource/Edward_Bernays	http://dbpedia.org/ontology/birthPlace	http://dbpedia.org/resource/New_York_City	0.513898	359865.0	4.2e-05	0.023625	0.076738	0.25993	0.068967	2503.746191	0.0	0.000459	0.0	0.32888292293189464	0.663242629345978	0.0
http://dbpedia.org/resource/Christian_V_of_Denmark	http://dbpedia.org/ontology/deathPlace	http://dbpedia.org/resource/Copenhagen	0.558111	49042.0	0.000284	0.009375	0.091298	0.284234	0.107077	3313.517215	1.0	0.001514	1.0	-0.1	0.0	1.0
http://dbpedia.org/resource/Ambrose	http://dbpedia.org/ontology/deathPlace	http://dbpedia.org/resource/Trier	0.0	3150.0	0.0	0.0005	0.079408	0.072488	0.044366	39.572881	1.0	6.3e-05	1.0	0.28075670548542586	0.0	0.0
http://dbpedia.org/resource/Charlie_Chaplin	http://dbpedia.org/ontology/birthPlace	http://dbpedia.org/resource/Vevey	0.339623	9250.0	0.005051	0.00525	0.121234	0.183885	0.075048	636.957621	0.0	9.1e-05	0.0	0.36433339939693316	0.0	0.0
http://dbpedia.org/resource/Edward_Bernays	http://dbpedia.org/ontology/birthPlace	http://dbpedia.org/resource/Vienna	0.119315	58050.0	0.000257	0.121875	0.070409	0.115741	0.058393	4451.949192	1.0	4e-05	1.0	0.30491610504814515	0.7140512462501007	1.0
http://dbpedia.org/resource/Humphry_Davy	http://dbpedia.org/ontology/deathPlace	http://dbpedia.org/resource/Penzance	0.134566	2751.0	0.006623	0.015875	0.075151	0.095693	0.035808	2351.53297	0.0	0.000185	0.0	0.3868814220743282	0.0	0.0
http://dbpedia.org/resource/Eddie_Cochran	http://dbpedia.org/ontology/deathPlace	http://dbpedia.org/resource/Bath,_Somerset	0.129586	24264.0	0.00141	0.027875	0.065659	0.104209	0.031526	3174.837788	1.0	6e-05	1.0	0.2960101377583172	0.0	1.0
http://dbpedia.org/resource/Douglass_Dumbrille	http://dbpedia.org/ontology/deathPlace	http://dbpedia.org/resource/Woodland_Hills,_Los_Angeles	0.0	15051.0	0.0	0.003125	0.080725	0.124892	0.083405	452.320834	1.0	2.5e-05	1.0	-0.1	0.0	1.0
http://dbpedia.org/resource/Henryk_Sienkiewicz	http://dbpedia.org/ontology/deathPlace	http://dbpedia.org/resource/Wola_Okrzejska	0.0	140.0	0.0	0.0005	0.05799	0.052981	0.024755	31.323338	1.0	0.000401	1.0	-0.1	0.0	0.0
http://dbpedia.org/resource/Carlota_Joaquina_of_Spain	http://dbpedia.org/ontology/deathPlace	http://dbpedia.org/resource/Aranjuez	0.0	300.0	0.0	0.0	0.070335	0.054946	0.037495	-16.170405	1.0	2.7e-05	1.0	-0.1	0.0	0.0
http://dbpedia.org/resource/Italo_Calvino	http://dbpedia.org/ontology/birthPlace	http://dbpedia.org/resource/Santiago_de_las_Vegas	0.128243	114.0	0.041667	0.0035	0.094434	0.112555	0.028272	173.884856	1.0	0.002011	0.0	-0.1	0.3181219474548004	1.0
http://dbpedia.org/resource/Ansgar	http://dbpedia.org/ontology/birthPlace	http://dbpedia.org/resource/Bremen	0.0	7011.0	0.0	0.001125	0.080514	0.095455	0.047455	170.601494	0.0	0.000129	0.0	-0.1	0.0	0.0
http://dbpedia.org/resource/Aeschylus	http://dbpedia.org/ontology/birthPlace	http://dbpedia.org/resource/Gela	0.0	416.0	0.0	0.0	0.060055	0.055469	0.025862	-15.698788	0.0	3.3e-05	0.0	-0.1	0.0	0.0
http://dbpedia.org/resource/Hannibal	http://dbpedia.org/ontology/deathPlace	http://dbpedia.org/resource/Gebze	0.0	1258.0	0.0	0.0	0.055224	0.049934	0.018549	-14.102338	1.0	0.000101	1.0	-0.1	0.0	1.0
http://dbpedia.org/resource/Bing_Crosby	http://dbpedia.org/ontology/deathPlace	http://dbpedia.org/resource/Madrid	0.257928	877378.0	0.000422	0.455375	0.06827	0.148443	0.054087	3104.783327	1.0	2.6e-05	1.0	-0.1	0.0	1.0
http://dbpedia.org/resource/Humayun	http://dbpedia.org/ontology/birthPlace	http://dbpedia.org/resource/Delhi	0.0	32850.0	0.0	0.00175	0.072022	0.099834	0.065508	399.463357	0.0	0.000427	0.0	-0.1	0.0	0.0
http://dbpedia.org/resource/John_James_Audubon	http://dbpedia.org/ontology/birthPlace	http://dbpedia.org/resource/New_York_City	0.306966	335874.0	0.000125	2.03725	0.061559	0.159281	0.049204	1716.877545	0.0	0.000221	0.0	0.32888292293189464	0.920975683694467	0.0
http://dbpedia.org/resource/Humayun	http://dbpedia.org/ontology/deathPlace	http://dbpedia.org/resource/Kabul	0.0	9252.0	0.0	0.001875	0.085667	0.118848	0.068811	798.788317	0.0	0.000167	1.0	-0.1	0.0	0.0
http://dbpedia.org/resource/Albert_Einstein	http://dbpedia.org/ontology/deathPlace	http://dbpedia.org/resource/Ulm	0.0	13516.0	0.0	0.002625	0.079458	0.108851	0.053329	467.93683	0.0	7.2e-05	1.0	0.3868814220743282	0.0	0.0
http://dbpedia.org/resource/Alexis_Korner	http://dbpedia.org/ontology/birthPlace	http://dbpedia.org/resource/Paris	0.0	342278.0	0.0	0.005375	0.057879	0.085282	0.038792	594.270891	0.0	2.3e-05	0.0	-0.1	0.0	1.0
http://dbpedia.org/resource/A._E._van_Vogt	http://dbpedia.org/ontology/birthPlace	http://dbpedia.org/resource/Winnipeg	0.0	81130.0	0.0	0.001	0.083598	0.226501	0.064153	96.259438	1.0	6.5e-05	1.0	0.27617906669805	0.0	1.0
http://dbpedia.org/resource/Ferdinand_I,_Holy_Roman_Emperor	http://dbpedia.org/ontology/deathPlace	http://dbpedia.org/resource/Vienna	0.156862	119970.0	0.000256	0.013625	0.066019	0.100777	0.043934	1710.734693	1.0	2.9e-05	1.0	-0.1	0.0	1.0
http://dbpedia.org/resource/Jorge_Luis_Borges	http://dbpedia.org/ontology/birthPlace	http://dbpedia.org/resource/Buenos_Aires	0.830294	357075.0	0.000414	0.989	0.092128	0.271778	0.101365	3378.646624	1.0	0.002318	1.0	0.3024849741487921	0.9858889267348255	1.0
http://dbpedia.org/resource/George_Meade	http://dbpedia.org/ontology/deathPlace	http://dbpedia.org/resource/Cádiz	0.0	8103.0	0.0	0.000125	0.056031	0.052952	0.022041	-4.561788	1.0	1.6e-05	1.0	-0.1	0.0	0.0
http://dbpedia.org/resource/Humayun	http://dbpedia.org/ontology/birthPlace	http://dbpedia.org/resource/Kabul	0.0	9252.0	0.0	0.001875	0.085667	0.116931	0.069337	798.788317	1.0	0.000202	0.0	-0.1	0.0	1.0
http://dbpedia.org/resource/Ansgar	http://dbpedia.org/ontology/deathPlace	http://dbpedia.org/resource/Bremen	0.0	7011.0	0.0	0.001125	0.080514	0.094815	0.045648	170.601494	1.0	0.000218	1.0	0.4471768399680796	0.0	1.0
http://dbpedia.org/resource/Alexis_Korner	http://dbpedia.org/ontology/birthPlace	http://dbpedia.org/resource/London	1.215619	775268.0	0.000175	0.0945	0.073967	0.219196	0.09446	2896.823633	0.0	0.00024	0.0	-0.1	0.0	0.0
http://dbpedia.org/resource/Enrique_O'Donnell,_Conde_de_La_Bisbal	http://dbpedia.org/ontology/deathPlace	http://dbpedia.org/resource/Montpellier	0.0	2457.0	0.0	0.0	0.056024	0.05838	0.041356	-13.136602	1.0	8.1e-05	1.0	-0.1	0.0	1.0
http://dbpedia.org/resource/Elliott_Kastner	http://dbpedia.org/ontology/birthPlace	http://dbpedia.org/resource/London	0.230213	1208506.0	4.4e-05	0.0205	0.065818	0.140974	0.081229	2078.746866	0.0	3.1e-05	0.0	-0.1	0.326543264201288	0.0
http://dbpedia.org/resource/George_Orwell	http://dbpedia.org/ontology/deathPlace	http://dbpedia.org/resource/London	0.0	912080.0	0.0	0.053625	0.067919	0.164844	0.070338	3055.194918	1.0	6.4e-05	1.0	0.3329933450467696	0.0	1.0
http://dbpedia.org/resource/Isabella_II_of_Spain	http://dbpedia.org/ontology/birthPlace	http://dbpedia.org/resource/Madrid	3.276175	95466.0	0.001535	0.022875	0.089176	0.120417	0.158581	1080.615155	1.0	0.001666	1.0	-0.1	0.0	1.0
http://dbpedia.org/resource/Comte_de_Lautréamont	http://dbpedia.org/ontology/birthPlace	http://dbpedia.org/resource/Montevideo	0.12862	4190.0	0.000477	0.22675	0.060893	0.112846	0.026442	3899.598797	1.0	0.000361	1.0	-0.1	0.9049231325340217	1.0
http://dbpedia.org/resource/Archduke_Charles,_Duke_of_Teschen	http://dbpedia.org/ontology/birthPlace	http://dbpedia.org/resource/Florence	0.0	57024.0	0.0	0.001	0.074637	0.117967	0.050015	133.13335	1.0	0.000129	0.0	-0.1	0.0	1.0
http://dbpedia.org/resource/John_James_Audubon	http://dbpedia.org/ontology/birthPlace	http://dbpedia.org/resource/Les_Cayes	0.0	378.0	0.0	0.001	0.102642	0.152302	0.049304	116.566277	1.0	0.000129	1.0	0.36354055229370713	0.0	1.0
http://dbpedia.org/resource/George_Orwell	http://dbpedia.org/ontology/birthPlace	http://dbpedia.org/resource/London	0.0	912080.0	0.0	0.053625	0.067919	0.161875	0.066005	3055.194918	0.0	7e-05	1.0	-0.1	0.0	0.0
http://dbpedia.org/resource/Ferdinand_II_of_Portugal	http://dbpedia.org/ontology/deathPlace	http://dbpedia.org/resource/Lisbon	1.263195	29456.0	0.000945	0.00775	0.102562	0.41058	0.128904	1061.794532	0.0	0.001079	1.0	-0.1	0.0	1.0
http://dbpedia.org/resource/Eddie_Cochran	http://dbpedia.org/ontology/birthPlace	http://dbpedia.org/resource/Bath,_Somerset	0.129586	24264.0	0.00141	0.027875	0.065659	0.096715	0.030862	3174.837788	0.0	3.3e-05	0.0	0.27617906669805	0.0	0.0
http://dbpedia.org/resource/Constantin_Brâncuși	http://dbpedia.org/ontology/deathPlace	http://dbpedia.org/resource/Paris	0.108495	130871.0	9.9e-05	1.7205	0.097876	0.805068	0.136908	3926.768421	1.0	0.000155	1.0	0.3117712499766978	0.0	1.0
http://dbpedia.org/resource/Douglass_Dumbrille	http://dbpedia.org/ontology/birthPlace	http://dbpedia.org/resource/Woodland_Hills,_Los_Angeles	0.0	15051.0	0.0	0.003125	0.080725	0.124968	0.077106	452.320834	0.0	3.1e-05	0.0	-0.1	0.0	0.0
http://dbpedia.org/resource/Enrique_O'Donnell,_Conde_de_La_Bisbal	http://dbpedia.org/ontology/birthPlace	http://dbpedia.org/resource/Montpellier	0.0	2457.0	0.0	0.0	0.056024	0.059504	0.041914	-13.136602	0.0	5.9e-05	0.0	-0.1	0.0	0.0
http://dbpedia.org/resource/David_Bowie	http://dbpedia.org/ontology/deathPlace	http://dbpedia.org/resource/New_York_City	6.427914	9212544.0	0.000739	0.251	0.076738	0.253016	0.107338	5514.823677	1.0	6.7e-05	1.0	-0.1	0.0	1.0
http://dbpedia.org/resource/James_Blish	http://dbpedia.org/ontology/deathPlace	http://dbpedia.org/resource/Henley-on-Thames	0.0	1488.0	0.0	0.000125	0.058421	0.05934	0.024927	-0.919026	1.0	0.000287	1.0	-0.1	0.0	1.0
http://dbpedia.org/resource/Italo_Calvino	http://dbpedia.org/ontology/birthPlace	http://dbpedia.org/resource/Siena	0.096498	3876.0	0.004505	0.039125	0.06562	0.078102	0.037143	49964.497464	0.0	0.000642	0.0	0.4006037090451189	0.351674954227572	0.0
http://dbpedia.org/resource/Ayrton_Senna	http://dbpedia.org/ontology/birthPlace	http://dbpedia.org/resource/São_Paulo	2.565051	394961.0	0.001748	0.036375	0.089391	0.211019	0.122581	18681.190147	0.0	0.000403	0.0	-0.1	0.3064866772195909	1.0
http://dbpedia.org/resource/Henry_Fielding	http://dbpedia.org/ontology/birthPlace	http://dbpedia.org/resource/Lisbon	0.0	48392.0	0.0	0.001	0.059937	0.077817	0.031313	78.002131	0.0	2.3e-05	0.0	-0.1	0.0	0.0
http://dbpedia.org/resource/Eddie_Cochran	http://dbpedia.org/ontology/birthPlace	http://dbpedia.org/resource/Albert_Lea,_Minnesota	0.112165	2160.0	0.010526	0.004625	0.071379	0.099034	0.035624	309.758337	1.0	0.000195	1.0	0.36354055229370713	0.0	1.0
http://dbpedia.org/resource/Comte_de_Lautréamont	http://dbpedia.org/ontology/birthPlace	http://dbpedia.org/resource/Paris	0.0	20134.0	0.0	0.000625	0.049044	0.088559	0.024089	111.865018	0.0	0.00153	1.0	-0.1	0.0	0.0
http://dbpedia.org/resource/Humayun	http://dbpedia.org/ontology/deathPlace	http://dbpedia.org/resource/Delhi	0.0	32850.0	0.0	0.00175	0.072022	0.100126	0.059557	399.463357	1.0	0.000503	1.0	-0.1	0.0	1.0
http://dbpedia.org/resource/Eleftherios_Venizelos	http://dbpedia.org/ontology/birthPlace	http://dbpedia.org/resource/Eleftherios_Venizelos,_Crete	0.112229	58.0	0.017241	0.00325	0.100905	0.100029	0.035101	81.973632	1.0	0.004396	0.0	-0.1	0.6307206894804721	1.0
http://dbpedia.org/resource/James_Blish	http://dbpedia.org/ontology/birthPlace	http://dbpedia.org/resource/Henley-on-Thames	0.0	1488.0	0.0	0.000125	0.058421	0.063507	0.024243	-0.919026	0.0	8.9e-05	0.0	-0.1	0.0	0.0
http://dbpedia.org/resource/Eugène_Viollet-le-Duc	http://dbpedia.org/ontology/deathPlace	http://dbpedia.org/resource/Paris	0.621335	30201.0	9.9e-05	0.0035	0.084556	0.219493	0.060763	224.628771	1.0	0.007591	1.0	-0.1	0.0	0.0
http://dbpedia.org/resource/Bing_Crosby	http://dbpedia.org/ontology/deathPlace	http://dbpedia.org/resource/Tacoma,_Washington	0.417032	124099.0	0.001198	0.0045	0.101378	0.199645	0.076672	1070.759549	0.0	0.000103	1.0	-0.1	0.0	0.0
http://dbpedia.org/resource/Ayrton_Senna	http://dbpedia.org/ontology/deathPlace	http://dbpedia.org/resource/São_Paulo	2.565051	394961.0	0.001748	0.036375	0.089391	0.209461	0.110073	18681.190147	1.0	0.000404	1.0	-0.1	0.0	0.0
http://dbpedia.org/resource/Adam_Mickiewicz	http://dbpedia.org/ontology/deathPlace	http://dbpedia.org/resource/Istanbul	0.126667	57477.0	0.000294	0.11125	0.058752	0.106953	0.037664	4465.230886	1.0	4.9e-05	1.0	0.3329933450467696	0.0	1.0
http://dbpedia.org/resource/Edward_Bernays	http://dbpedia.org/ontology/deathPlace	http://dbpedia.org/resource/New_York_City	0.513898	359865.0	4.2e-05	0.023625	0.076738	0.282639	0.067971	2503.746191	1.0	0.0004	1.0	0.34786122109018985	0.0	1.0
http://dbpedia.org/resource/Eugène_Viollet-le-Duc	http://dbpedia.org/ontology/deathPlace	http://dbpedia.org/resource/Lausanne	0.0	1461.0	0.0	0.0	0.05232	0.059292	0.034169	-13.886506	1.0	0.000527	1.0	-0.1	0.0	1.0
http://dbpedia.org/resource/Humphry_Davy	http://dbpedia.org/ontology/deathPlace	http://dbpedia.org/resource/Geneva	0.0	21294.0	0.0	0.001625	0.06873	0.087172	0.044925	301.48774	1.0	3.4e-05	1.0	0.4855111770175738	0.0	1.0
http://dbpedia.org/resource/Albert_Speer	http://dbpedia.org/ontology/deathPlace	http://dbpedia.org/resource/London	0.0	729664.0	0.0	0.00475	0.05202	0.091487	0.041342	467.164547	1.0	2e-05	1.0	0.3329933450467696	0.0	1.0
http://dbpedia.org/resource/Eleftherios_Venizelos	http://dbpedia.org/ontology/deathPlace	http://dbpedia.org/resource/Eleftherios_Venizelos,_Crete	0.112229	58.0	0.017241	0.00325	0.100905	0.088635	0.032606	81.973632	0.0	0.003554	1.0	-0.1	0.0	0.0
http://dbpedia.org/resource/Ambrose	http://dbpedia.org/ontology/deathPlace	http://dbpedia.org/resource/Milan	0.0	70025.0	0.0	0.0095	0.087545	0.196523	0.099279	2126.031858	1.0	0.001376	1.0	0.436723629246069	0.0	1.0
http://dbpedia.org/resource/Aurel_Stein	http://dbpedia.org/ontology/birthPlace	http://dbpedia.org/resource/Kabul	0.0	3598.0	0.0	0.000125	0.058422	0.073695	0.028864	3.860423	0.0	8e-06	0.0	-0.1	0.0	0.0
http://dbpedia.org/resource/Humphry_Davy	http://dbpedia.org/ontology/birthPlace	http://dbpedia.org/resource/Penzance	0.134566	2751.0	0.006623	0.015875	0.075151	0.109596	0.036662	2351.53297	1.0	0.000182	1.0	-0.1	0.0	1.0
http://dbpedia.org/resource/Isabella_II_of_Spain	http://dbpedia.org/ontology/deathPlace	http://dbpedia.org/resource/Paris	0.0	211407.0	0.0	0.000375	0.067245	0.14323	0.05457	55.783111	0.0	5.3e-05	1.0	-0.1	0.0	1.0
http://dbpedia.org/resource/David_Bowie	http://dbpedia.org/ontology/birthPlace	http://dbpedia.org/resource/New_York_City	6.427914	9212544.0	0.000739	0.251	0.076738	0.256545	0.110852	5514.823677	0.0	0.000129	0.0	-0.1	0.0	0.0
http://dbpedia.org/resource/Italo_Calvino	http://dbpedia.org/ontology/deathPlace	http://dbpedia.org/resource/Siena	0.096498	3876.0	0.004505	0.039125	0.06562	0.086551	0.032506	49964.497464	1.0	0.000557	1.0	0.40698337469056584	0.0	1.0
http://dbpedia.org/resource/Albert_Einstein	http://dbpedia.org/ontology/deathPlace	http://dbpedia.org/resource/Princeton,_New_Jersey	2.475267	57007.0	0.007974	0.041	0.112752	0.330205	0.214094	3109.713661	1.0	0.000271	1.0	0.4419902746037446	0.0	1.0
http://dbpedia.org/resource/Ferdinand_II_of_Portugal	http://dbpedia.org/ontology/birthPlace	http://dbpedia.org/resource/Lisbon	1.263195	29456.0	0.000945	0.00775	0.102562	0.349671	0.121813	1061.794532	1.0	0.001014	0.0	-0.1	0.7560373940979682	0.0
http://dbpedia.org/resource/Constantin_Brâncuși	http://dbpedia.org/ontology/birthPlace	http://dbpedia.org/resource/Paris	0.108495	130871.0	9.9e-05	1.7205	0.097876	0.805968	0.133504	3926.768421	0.0	0.000164	1.0	-0.1	0.0	0.0
http://dbpedia.org/resource/Christopher_Columbus	http://dbpedia.org/ontology/birthPlace	http://dbpedia.org/resource/Genoa	0.664934	27916.0	0.001955	0.089375	0.100158	0.218591	0.07776	6123.381529	1.0	0.000516	1.0	0.2738941401876726	0.0	1.0
http://dbpedia.org/resource/Ansgar	http://dbpedia.org/ontology/deathPlace	http://dbpedia.org/resource/Amiens	0.40243	3555.0	0.002481	0.004125	0.105666	0.183216	0.059001	239.802224	0.0	0.001293	1.0	0.3868814220743282	0.0	0.0
http://dbpedia.org/resource/Isaac_Bashevis_Singer	http://dbpedia.org/ontology/birthPlace	http://dbpedia.org/resource/Surfside,_Florida	0.084576	322.0	0.027778	0.005625	0.064671	0.069259	0.029185	45.621014	0.0	0.000777	0.0	-0.1	0.0	0.0
http://dbpedia.org/resource/A._E._van_Vogt	http://dbpedia.org/ontology/deathPlace	http://dbpedia.org/resource/Hollywood	0.103934	55480.0	0.000668	0.020125	0.055842	0.09234	0.044697	1639.981877	1.0	0.000129	1.0	0.3868814220743282	0.0	1.0
http://dbpedia.org/resource/John_James_Audubon	http://dbpedia.org/ontology/deathPlace	http://dbpedia.org/resource/New_York_City	0.306966	335874.0	0.000125	2.03725	0.061559	0.142609	0.05505	1716.877545	1.0	0.000182	1.0	0.34786122109018985	0.0	1.0
http://dbpedia.org/resource/Babrak_Karmal	http://dbpedia.org/ontology/deathPlace	http://dbpedia.org/resource/Kabul	1.137069	14392.0	0.009311	0.162	0.09636	0.157024	0.137866	4989.465854	0.0	0.001373	0.0	0.48519250803892416	0.0	0.0
http://dbpedia.org/resource/James_Blish	http://dbpedia.org/ontology/deathPlace	http://dbpedia.org/resource/East_Orange,_New_Jersey	0.0	2640.0	0.0	0.0	0.05837	0.058288	0.01986	-13.032973	1.0	7.7e-05	1.0	-0.1	0.0	0.0
http://dbpedia.org/resource/A._E._van_Vogt	http://dbpedia.org/ontology/birthPlace	http://dbpedia.org/resource/Hollywood	0.103934	55480.0	0.000668	0.020125	0.055842	0.082855	0.044522	1639.981877	0.0	0.000105	0.0	0.36354055229370713	0.46454173410791977	0.0
http://dbpedia.org/resource/George_Meade	http://dbpedia.org/ontology/birthPlace	http://dbpedia.org/resource/Cádiz	0.0	8103.0	0.0	0.000125	0.056031	0.056197	0.021922	-4.561788	0.0	1.3e-05	0.0	-0.1	0.0	1.0
http://dbpedia.org/resource/Allan_Riverstone_McCulloch	http://dbpedia.org/ontology/birthPlace	http://dbpedia.org/resource/Honolulu	0.137117	19614.0	0.000707	0.078875	0.064359	0.105671	0.030147	3816.128646	0.0	7.9e-05	0.0	0.29604903078656214	0.9915839264437569	0.0
http://dbpedia.org/resource/Aga_Khan_III	http://dbpedia.org/ontology/birthPlace	http://dbpedia.org/resource/Versoix	0.251647	700.0	0.037736	0.00725	0.091597	0.098393	0.033179	263.224811	0.0	0.000656	0.0	-0.1	0.3506306246874382	0.0
http://dbpedia.org/resource/Claude_Auchinleck	http://dbpedia.org/ontology/deathPlace	http://dbpedia.org/resource/Aldershot	0.0	5680.0	0.0	0.00125	0.073551	0.060164	0.036262	135.740236	0.0	9.7e-05	1.0	-0.1	0.0	0.0
http://dbpedia.org/resource/Comte_de_Lautréamont	http://dbpedia.org/ontology/deathPlace	http://dbpedia.org/resource/Paris	0.0	20134.0	0.0	0.000625	0.049044	0.079999	0.022465	111.865018	1.0	0.001388	1.0	0.3117712499766978	0.0	1.0
http://dbpedia.org/resource/Aeschylus	http://dbpedia.org/ontology/birthPlace	http://dbpedia.org/resource/Eleusis	0.0	352.0	0.0	0.0	0.066502	0.071237	0.028853	-15.939794	0.0	0.00012	0.0	-0.1	0.0	1.0
http://dbpedia.org/resource/George_Meade	http://dbpedia.org/ontology/birthPlace	http://dbpedia.org/resource/Philadelphia	0.432068	299367.0	0.000369	1.826	0.100015	0.805968	0.144995	3944.764213	0.0	0.000166	0.0	-0.1	0.0	0.0
http://dbpedia.org/resource/Ferdinand_I,_Holy_Roman_Emperor	http://dbpedia.org/ontology/birthPlace	http://dbpedia.org/resource/Alcalá_de_Henares	0.0	2201.0	0.0	0.000375	0.056662	0.053415	0.031465	24.70543	1.0	6.1e-05	0.0	-0.1	0.0	1.0
http://dbpedia.org/resource/Allan_Riverstone_McCulloch	http://dbpedia.org/ontology/birthPlace	http://dbpedia.org/resource/Sydney	0.095666	77252.0	0.000181	1.24425	0.054001	0.095457	0.025575	2594.605635	1.0	0.000136	1.0	0.3016468893349704	0.8497925329509544	1.0
http://dbpedia.org/resource/Ferdinand_II_of_Portugal	http://dbpedia.org/ontology/birthPlace	http://dbpedia.org/resource/Vienna	0.0	54180.0	0.0	0.0	0.072223	0.126566	0.055745	-8.675382	0.0	2.3e-05	0.0	-0.1	0.0	1.0
http://dbpedia.org/resource/Henry_Fielding	http://dbpedia.org/ontology/deathPlace	http://dbpedia.org/resource/Lisbon	0.0	48392.0	0.0	0.001	0.059937	0.085919	0.034498	78.002131	1.0	2.1e-05	1.0	0.3227198675872387	0.0	1.0
http://dbpedia.org/resource/Elliott_Kastner	http://dbpedia.org/ontology/deathPlace	http://dbpedia.org/resource/Harlem	0.0	17755.0	0.0	0.000625	0.076813	0.097873	0.060802	59.992467	1.0	4.2e-05	1.0	-0.1	0.0	0.0
http://dbpedia.org/resource/Eleftherios_Venizelos	http://dbpedia.org/ontology/birthPlace	http://dbpedia.org/resource/Paris	0.486678	583886.0	0.000198	0.097375	0.075979	0.136926	0.060131	2768.600741	0.0	3.1e-05	0.0	0.29113567828605985	0.7186490970088383	0.0
http://dbpedia.org/resource/Henry_Fielding	http://dbpedia.org/ontology/deathPlace	http://dbpedia.org/resource/Sharpham	0.129586	69.0	0.04	0.0035	0.101879	0.100537	0.040087	106.743105	0.0	0.003323	1.0	0.2552363448214446	0.0	0.0
http://dbpedia.org/resource/Allan_Riverstone_McCulloch	http://dbpedia.org/ontology/deathPlace	http://dbpedia.org/resource/Sydney	0.095666	77252.0	0.000181	1.24425	0.054001	0.097911	0.018479	2594.605635	0.0	0.000138	0.0	0.3225381305213602	0.0	0.0
http://dbpedia.org/resource/Jorge_Luis_Borges	http://dbpedia.org/ontology/deathPlace	http://dbpedia.org/resource/Buenos_Aires	0.830294	357075.0	0.000414	0.989	0.092128	0.291206	0.105585	3378.646624	0.0	0.00189	0.0	0.3206468805106834	0.0	0.0
http://dbpedia.org/resource/Elie_Wiesel	http://dbpedia.org/ontology/birthPlace	http://dbpedia.org/resource/New_York_City	0.577087	431838.0	8.3e-05	0.215875	0.075286	0.172597	0.063558	2609.514431	0.0	0.000356	0.0	0.32888292293189464	0.0	0.0
http://dbpedia.org/resource/Christopher_Columbus	http://dbpedia.org/ontology/deathPlace	http://dbpedia.org/resource/Valladolid	0.302465	7056.0	0.007194	0.02675	0.08723	0.156503	0.053621	3099.145094	1.0	0.000332	1.0	0.4491157548629281	0.0	1.0
